{"stats":{"minecraft:used":{"minecraft:stone_axe":25,"minecraft:stone_pickaxe":58},"minecraft:crafted":{"minecraft:stone_shovel":1,"minecraft:birch_planks":20,"minecraft:stone_axe":1,"minecraft:stick":12,"minecraft:stone_pickaxe":4},"minecraft:picked_up":{"minecraft:birch_log":5,"minecraft:oak_log":5,"minecraft:diorite":5,"minecraft:cobblestone":48},"minecraft:mined":{"minecraft:grass":4,"minecraft:oak_log":5,"minecraft:birch_log":5,"minecraft:cobblestone":50,"minecraft:birch_leaves":1,"minecraft:diorite":6,"minecraft:oak_leaves":15},"minecraft:custom":{"minecraft:time_since_rest":31266,"minecraft:open_chest":13,"minecraft:play_one_minute":31266,"minecraft:sprint_one_cm":5415,"minecraft:damage_taken":90,"minecraft:walk_one_cm":71459,"minecraft:jump":111,"minecraft:damage_dealt":210,"minecraft:leave_game":1,"minecraft:time_since_death":31266,"minecraft:walk_on_water_one_cm":476,"minecraft:interact_with_crafting_table":5,"minecraft:fall_one_cm":1735,"minecraft:fly_one_cm":1076}},"DataVersion":1976}