{"stats":{"minecraft:mined":{"minecraft:granite":16,"minecraft:grass_block":90,"minecraft:stone_brick_wall":11,"minecraft:oak_pressure_plate":2,"minecraft:polished_diorite":1,"minecraft:oak_wall_sign":1,"minecraft:chiseled_stone_bricks":1,"minecraft:redstone_ore":19,"minecraft:iron_ore":15,"minecraft:andesite":34,"minecraft:stone":1339,"minecraft:oak_slab":9,"minecraft:glass_pane":4,"minecraft:polished_granite":1,"minecraft:crafting_table":1,"minecraft:torch":17,"minecraft:poppy":1,"minecraft:campfire":1,"minecraft:cobblestone":82,"minecraft:sugar_cane":5,"minecraft:oak_planks":6,"minecraft:diorite":167,"minecraft:wall_torch":8,"minecraft:birch_log":11,"minecraft:wheat":9,"minecraft:birch_leaves":37,"minecraft:grass":6,"minecraft:oak_log":92,"minecraft:coal_ore":74,"minecraft:gravel":54,"minecraft:sand":161,"minecraft:dirt":206,"minecraft:stone_bricks":9,"minecraft:oak_leaves":156},"minecraft:custom":{"minecraft:mob_kills":4,"minecraft:interact_with_crafting_table":57,"minecraft:leave_game":4,"minecraft:time_since_death":103378,"minecraft:sprint_one_cm":30950,"minecraft:walk_one_cm":1089779,"minecraft:drop":36,"minecraft:deaths":2,"minecraft:sneak_time":1705,"minecraft:walk_under_water_one_cm":819,"minecraft:jump":1426,"minecraft:walk_on_water_one_cm":9302,"minecraft:interact_with_furnace":57,"minecraft:play_one_minute":331521,"minecraft:interact_with_stonecutter":4,"minecraft:time_since_rest":103493,"minecraft:damage_taken":1143,"minecraft:damage_dealt":425,"minecraft:fly_one_cm":5351,"minecraft:open_chest":37,"minecraft:crouch_one_cm":3343,"minecraft:fall_one_cm":13778},"minecraft:crafted":{"minecraft:oak_door":6,"minecraft:oak_planks":280,"minecraft:stone_shovel":3,"minecraft:oak_sign":3,"minecraft:leather_boots":1,"minecraft:oak_pressure_plate":1,"minecraft:furnace":1,"minecraft:stone":135,"minecraft:glass_pane":72,"minecraft:glass":99,"minecraft:iron_axe":1,"minecraft:stone_pickaxe":7,"minecraft:chest":6,"minecraft:stone_bricks":32,"minecraft:cooked_beef":8,"minecraft:sugar":7,"minecraft:coal_block":1,"minecraft:oak_slab":60,"minecraft:smithing_table":1,"minecraft:oak_wood":21,"minecraft:birch_planks":44,"minecraft:campfire":4,"minecraft:stone_axe":2,"minecraft:bread":2,"minecraft:air":0,"minecraft:stick":72,"minecraft:iron_ingot":27,"minecraft:iron_pickaxe":7,"minecraft:birch_trapdoor":2,"minecraft:stone_sword":2,"minecraft:iron_shovel":1,"minecraft:stonecutter":1,"minecraft:torch":104},"minecraft:killed_by":{"minecraft:player":1,"minecraft:skeleton":1},"minecraft:used":{"minecraft:iron_shovel":250,"minecraft:stone_shovel":148,"minecraft:oak_sign":3,"minecraft:chest":6,"minecraft:stone":87,"minecraft:oak_door":4,"minecraft:torch":42,"minecraft:dirt":27,"minecraft:wooden_axe":31,"minecraft:iron_axe":72,"minecraft:stone_bricks":11,"minecraft:birch_trapdoor":2,"minecraft:furnace":1,"minecraft:oak_sapling":2,"minecraft:cooked_beef":4,"minecraft:wheat_seeds":13,"minecraft:diorite":19,"minecraft:stone_pickaxe":658,"minecraft:oak_planks":122,"minecraft:wooden_pickaxe":1,"minecraft:stonecutter":2,"minecraft:oak_slab":69,"minecraft:crafting_table":1,"minecraft:campfire":4,"minecraft:stone_brick_wall":11,"minecraft:apple":1,"minecraft:chicken":1,"minecraft:bread":2,"minecraft:iron_pickaxe":1221,"minecraft:oak_pressure_plate":2,"minecraft:gravel":5,"minecraft:stone_axe":203,"minecraft:chiseled_stone_bricks":1,"minecraft:cobblestone":168,"minecraft:smithing_table":1,"minecraft:andesite":4,"minecraft:glass_pane":29},"minecraft:killed":{"minecraft:chicken":1,"minecraft:bat":2,"minecraft:enderman":1},"minecraft:dropped":{"minecraft:cooked_beef":4,"minecraft:torch":30,"minecraft:iron_pickaxe":1,"minecraft:wooden_pickaxe":1},"minecraft:broken":{"minecraft:iron_shovel":1,"minecraft:stone_pickaxe":5,"minecraft:stone_axe":1,"minecraft:iron_pickaxe":4,"minecraft:stone_shovel":1},"minecraft:picked_up":{"minecraft:wooden_axe":2,"minecraft:charcoal":3,"minecraft:crafting_table":1,"minecraft:wheat":6,"minecraft:chicken":1,"minecraft:wooden_pickaxe":1,"minecraft:stone_brick_wall":15,"minecraft:iron_shovel":1,"minecraft:oak_sign":2,"minecraft:beef":6,"minecraft:rose_bush":2,"minecraft:poppy":2,"minecraft:iron_pickaxe":1,"minecraft:sugar_cane":11,"minecraft:coal_block":1,"minecraft:birch_sapling":7,"minecraft:stick":57,"minecraft:stone":29,"minecraft:oak_door":5,"minecraft:torch":37,"minecraft:porkchop":2,"minecraft:diorite":244,"minecraft:redstone":180,"minecraft:stone_shovel":1,"minecraft:cobblestone":1463,"minecraft:birch_log":26,"minecraft:feather":2,"minecraft:lilac":1,"minecraft:andesite":28,"minecraft:leather":5,"minecraft:birch_planks":20,"minecraft:flint":6,"minecraft:oak_log":88,"minecraft:dirt":485,"minecraft:polished_granite":1,"minecraft:leather_boots":1,"minecraft:glass":9,"minecraft:apple":1,"minecraft:stone_bricks":9,"minecraft:stonecutter":1,"minecraft:wheat_seeds":22,"minecraft:stone_pickaxe":2,"minecraft:iron_ore":28,"minecraft:oak_planks":25,"minecraft:oak_slab":9,"minecraft:cooked_porkchop":2,"minecraft:oak_pressure_plate":3,"minecraft:gravel":94,"minecraft:sand":173,"minecraft:stone_axe":2,"minecraft:polished_diorite":1,"minecraft:granite":23,"minecraft:oak_sapling":20,"minecraft:coal":123}},"DataVersion":1976}