{"stats":{"minecraft:used":{"minecraft:wheat_seeds":59,"minecraft:stone_brick_slab":2,"minecraft:stone_sword":7,"minecraft:cobblestone_stairs":4,"minecraft:birch_planks":91,"minecraft:bread":1,"minecraft:stone_pickaxe":62,"minecraft:stone_brick_stairs":16,"minecraft:stone_bricks":26,"minecraft:torch":3,"minecraft:dirt":4,"minecraft:cobblestone":3,"minecraft:birch_sign":2,"minecraft:birch_log":3},"minecraft:crafted":{"minecraft:stone_brick_stairs":16,"minecraft:stone_brick_slab":6,"minecraft:birch_planks":124,"minecraft:stone_bricks":192,"minecraft:birch_sign":3,"minecraft:bread":18},"minecraft:picked_up":{"minecraft:birch_log":34,"minecraft:stick":1,"minecraft:wheat":54,"minecraft:andesite":1,"minecraft:stone_brick_slab":1,"minecraft:torch":3,"minecraft:oak_log":10,"minecraft:diorite":1,"minecraft:dirt":39,"minecraft:stone_bricks":8,"minecraft:wheat_seeds":143,"minecraft:oak_sapling":2,"minecraft:birch_sapling":1,"minecraft:cobblestone":54},"minecraft:killed":{"minecraft:witch":1},"minecraft:mined":{"minecraft:birch_planks":1,"minecraft:glass_pane":13,"minecraft:birch_log":34,"minecraft:wheat":59,"minecraft:stone_brick_slab":1,"minecraft:andesite":1,"minecraft:birch_leaves":38,"minecraft:grass_block":21,"minecraft:oak_log":10,"minecraft:dirt":18,"minecraft:cobblestone":3,"minecraft:glass":23,"minecraft:stone":49,"minecraft:stone_bricks":8,"minecraft:oak_leaves":8,"minecraft:wall_torch":2},"minecraft:custom":{"minecraft:time_since_rest":57564,"minecraft:interact_with_furnace":2,"minecraft:sprint_one_cm":31426,"minecraft:damage_taken":130,"minecraft:walk_one_cm":161146,"minecraft:mob_kills":1,"minecraft:damage_dealt":300,"minecraft:interact_with_crafting_table":8,"minecraft:fly_one_cm":4636,"minecraft:open_chest":22,"minecraft:play_one_minute":57564,"minecraft:crouch_one_cm":4500,"minecraft:sneak_time":1167,"minecraft:jump":126,"minecraft:interact_with_stonecutter":2,"minecraft:leave_game":1,"minecraft:time_since_death":57564,"minecraft:walk_on_water_one_cm":944,"minecraft:fall_one_cm":3367}},"DataVersion":1976}