{"stats":{"minecraft:custom":{"minecraft:mob_kills":17,"minecraft:interact_with_crafting_table":66,"minecraft:leave_game":10,"minecraft:time_since_death":374893,"minecraft:sprint_one_cm":110618,"minecraft:walk_one_cm":1486442,"minecraft:drop":18,"minecraft:sneak_time":9290,"minecraft:walk_under_water_one_cm":687,"minecraft:jump":1108,"minecraft:walk_on_water_one_cm":12684,"minecraft:interact_with_furnace":103,"minecraft:play_one_minute":374893,"minecraft:interact_with_stonecutter":5,"minecraft:time_since_rest":374893,"minecraft:damage_taken":1215,"minecraft:damage_dealt":3291,"minecraft:fly_one_cm":18773,"minecraft:player_kills":1,"minecraft:open_chest":154,"minecraft:crouch_one_cm":36089,"minecraft:fall_one_cm":12369},"minecraft:mined":{"minecraft:diamond_ore":4,"minecraft:oak_sapling":1,"minecraft:granite":134,"minecraft:grass_block":231,"minecraft:stone_brick_wall":3,"minecraft:polished_diorite":1,"minecraft:redstone_ore":7,"minecraft:furnace":5,"minecraft:iron_ore":41,"minecraft:andesite":95,"minecraft:stone":1797,"minecraft:smithing_table":1,"minecraft:oak_slab":4,"minecraft:glass_pane":22,"minecraft:stone_brick_slab":15,"minecraft:polished_granite":3,"minecraft:crafting_table":2,"minecraft:torch":12,"minecraft:poppy":4,"minecraft:campfire":2,"minecraft:cobblestone":77,"minecraft:sugar_cane":3,"minecraft:oak_planks":5,"minecraft:diorite":148,"minecraft:wall_torch":9,"minecraft:seagrass":5,"minecraft:birch_log":16,"minecraft:wheat":82,"minecraft:birch_leaves":5,"minecraft:stone_brick_stairs":8,"minecraft:grass":283,"minecraft:oak_log":85,"minecraft:coal_ore":266,"minecraft:gravel":153,"minecraft:dirt":455,"minecraft:polished_andesite":2,"minecraft:stonecutter":2,"minecraft:stone_bricks":45,"minecraft:gold_ore":18,"minecraft:oak_leaves":82},"minecraft:crafted":{"minecraft:oak_door":3,"minecraft:oak_planks":296,"minecraft:stone_shovel":1,"minecraft:furnace":5,"minecraft:cobblestone_stairs":60,"minecraft:stone":829,"minecraft:glass_pane":240,"minecraft:flint_and_steel":1,"minecraft:stone_stairs":62,"minecraft:glass":60,"minecraft:stone_brick_slab":81,"minecraft:iron_boots":1,"minecraft:iron_axe":1,"minecraft:stone_pickaxe":16,"minecraft:chest":2,"minecraft:stone_hoe":1,"minecraft:stone_bricks":500,"minecraft:oak_slab":153,"minecraft:crafting_table":4,"minecraft:wooden_pickaxe":2,"minecraft:iron_helmet":1,"minecraft:hay_block":1,"minecraft:bread":14,"minecraft:air":0,"minecraft:stone_brick_stairs":48,"minecraft:stick":62,"minecraft:stone_slab":39,"minecraft:iron_pickaxe":2,"minecraft:iron_ingot":25,"minecraft:oak_stairs":32,"minecraft:wooden_axe":2,"minecraft:iron_shovel":2,"minecraft:gold_ingot":10,"minecraft:torch":72,"minecraft:polished_andesite":40},"minecraft:used":{"minecraft:iron_shovel":509,"minecraft:flint_and_steel":1,"minecraft:stone_shovel":131,"minecraft:chest":2,"minecraft:stone_hoe":96,"minecraft:oak_door":6,"minecraft:torch":168,"minecraft:dirt":167,"minecraft:granite":3,"minecraft:polished_diorite":34,"minecraft:glass":39,"minecraft:stone_brick_slab":81,"minecraft:wooden_axe":33,"minecraft:iron_axe":167,"minecraft:oak_stairs":8,"minecraft:stone_brick_stairs":69,"minecraft:stone_bricks":385,"minecraft:hay_block":1,"minecraft:oak_sapling":1,"minecraft:furnace":10,"minecraft:cooked_beef":4,"minecraft:wheat_seeds":176,"minecraft:cobblestone_stairs":30,"minecraft:polished_andesite":12,"minecraft:stone_pickaxe":2063,"minecraft:oak_planks":112,"minecraft:wooden_pickaxe":116,"minecraft:stonecutter":1,"minecraft:oak_slab":161,"minecraft:crafting_table":6,"minecraft:stone_brick_wall":15,"minecraft:oak_log":1,"minecraft:apple":1,"minecraft:bread":14,"minecraft:iron_pickaxe":542,"minecraft:polished_granite":36,"minecraft:gravel":2,"minecraft:cobblestone":154,"minecraft:glass_pane":242},"minecraft:killed":{"minecraft:spider":1,"minecraft:skeleton":1,"minecraft:pig":2,"minecraft:sheep":1,"minecraft:zombie":9,"minecraft:cow":3},"minecraft:dropped":{"minecraft:porkchop":2,"minecraft:wheat_seeds":8,"minecraft:cobblestone":7,"minecraft:leather":3,"minecraft:coal":56,"minecraft:wooden_axe":1,"minecraft:stonecutter":1,"minecraft:birch_log":7,"minecraft:chiseled_stone_bricks":1,"minecraft:stone":29,"minecraft:wooden_pickaxe":1},"minecraft:broken":{"minecraft:iron_shovel":2,"minecraft:wooden_pickaxe":2,"minecraft:stone_pickaxe":15,"minecraft:iron_pickaxe":2,"minecraft:wooden_axe":1,"minecraft:stone_shovel":1},"minecraft:picked_up":{"minecraft:wooden_axe":1,"minecraft:charcoal":4,"minecraft:crafting_table":2,"minecraft:wheat":51,"minecraft:smithing_table":1,"minecraft:wooden_pickaxe":1,"minecraft:stone_brick_wall":1,"minecraft:stone_brick_stairs":8,"minecraft:string":1,"minecraft:iron_axe":1,"minecraft:beef":5,"minecraft:rose_bush":1,"minecraft:poppy":4,"minecraft:iron_pickaxe":1,"minecraft:sugar_cane":5,"minecraft:birch_sapling":4,"minecraft:furnace":5,"minecraft:stick":12,"minecraft:oak_door":5,"minecraft:torch":67,"minecraft:porkchop":2,"minecraft:diorite":134,"minecraft:redstone":33,"minecraft:arrow":2,"minecraft:rotten_flesh":6,"minecraft:peony":2,"minecraft:gold_ingot":8,"minecraft:cobblestone":1935,"minecraft:birch_log":16,"minecraft:cooked_beef":4,"minecraft:andesite":102,"minecraft:leather":3,"minecraft:flint":30,"minecraft:oak_log":89,"minecraft:dirt":763,"minecraft:polished_granite":3,"minecraft:apple":1,"minecraft:stone_bricks":44,"minecraft:stonecutter":2,"minecraft:wheat_seeds":198,"minecraft:iron_ore":41,"minecraft:oak_planks":5,"minecraft:oak_slab":5,"minecraft:chiseled_stone_bricks":2,"minecraft:stone_brick_slab":17,"minecraft:gravel":136,"minecraft:gold_ore":18,"minecraft:polished_andesite":2,"minecraft:diamond":4,"minecraft:polished_diorite":1,"minecraft:granite":133,"minecraft:oak_sapling":22,"minecraft:coal":313}},"DataVersion":1976}